epoch,lr,train_loss,train_mae,train_mse,train_r2,val_mae,val_mse,val_r2,test_mae,test_mse,test_r2
1,8.00e-05,788.553369,24.090126,788.553345,-0.128187,23.009108,696.617126,-0.017202,22.990891,699.626831,-0.016983
2,8.00e-05,740.139099,23.634100,740.139099,-0.058921,22.912384,688.130371,-0.004809,22.927982,691.345337,-0.004944
3,8.00e-05,732.906597,23.518103,732.906616,-0.048573,22.929848,694.644836,-0.014322,22.910477,698.160156,-0.014851
4,8.00e-05,725.022316,23.426901,725.022339,-0.037293,22.554125,670.430237,0.021037,22.574818,675.132568,0.018622
5,8.00e-05,592.519528,20.650423,592.519470,0.152279,9.638428,153.668137,0.775613,10.193402,172.950867,0.748597
6,8.00e-05,156.372433,8.783329,156.372437,0.776277,6.264912,86.070000,0.874320,6.654610,93.874916,0.863543
7,8.00e-05,118.612450,7.467435,118.612450,0.830301,6.128635,83.340843,0.878306,6.403380,86.946098,0.873615
8,8.00e-05,102.550601,6.900435,102.550598,0.853280,6.729434,94.628639,0.861823,7.013147,98.415726,0.856942
9,8.00e-05,93.286116,6.570821,93.286118,0.866535,5.449681,66.517189,0.902871,5.732462,69.543228,0.898911
10,8.00e-05,84.361409,6.233557,84.361404,0.879304,4.856891,53.609005,0.921720,5.086630,57.205151,0.916846
11,8.00e-05,76.885811,6.020805,76.885811,0.889999,5.219563,60.423935,0.911769,5.549830,62.114792,0.909710
12,8.00e-05,70.055124,5.697268,70.055130,0.899772,4.384699,45.130959,0.934100,4.620874,48.314072,0.929770
13,8.00e-05,64.661282,5.401206,64.661278,0.907489,4.294868,43.565929,0.936385,4.520175,46.314682,0.932677
14,8.00e-05,64.031116,5.435099,64.031120,0.908390,5.282464,60.054924,0.912308,5.560199,59.956337,0.912847
15,8.00e-05,62.577851,5.312130,62.577854,0.910470,4.151183,41.424809,0.939511,4.404178,42.832474,0.937738
16,8.00e-05,58.685959,5.133497,58.685959,0.916038,3.861738,37.505898,0.945234,4.125518,39.418510,0.942701
17,8.00e-05,57.853682,5.097739,57.853683,0.917228,4.863353,52.687355,0.923066,5.047018,51.861462,0.924614
18,8.00e-05,55.714282,4.992043,55.714283,0.920289,3.914635,36.208401,0.947128,4.164216,39.410889,0.942712
19,8.00e-05,51.170526,4.773441,51.170525,0.926790,3.980218,39.234306,0.942710,4.187223,39.066425,0.943213
20,8.00e-05,49.896561,4.747576,49.896561,0.928613,4.398179,45.751846,0.933193,4.680362,45.195827,0.934303
21,8.00e-05,49.792554,4.686212,49.792553,0.928762,3.671630,33.983017,0.950378,3.923432,35.483097,0.948422
22,8.00e-05,47.844183,4.557106,47.844181,0.931549,3.843186,36.689590,0.946426,4.123345,37.089371,0.946087
23,8.00e-05,44.963327,4.401922,44.963326,0.935671,3.554757,32.534924,0.952492,3.801947,34.009228,0.950564
24,8.00e-05,44.436470,4.395112,44.436466,0.936424,3.632784,33.554531,0.951004,3.822401,34.378014,0.950028
25,8.00e-05,43.239043,4.283451,43.239040,0.938138,3.546617,32.803112,0.952101,3.730938,33.643173,0.951096
26,8.00e-05,44.954284,4.420188,44.954285,0.935684,3.517339,31.751795,0.953636,3.779817,32.697937,0.952470
27,8.00e-05,40.991875,4.190580,40.991875,0.941353,3.593409,32.814373,0.952084,3.826165,33.312382,0.951577
28,8.00e-05,39.152905,4.157429,39.152905,0.943984,3.649604,33.386036,0.951250,3.805200,34.126202,0.950394
29,8.00e-05,38.694823,4.102491,38.694824,0.944639,3.933904,37.985687,0.944533,4.170501,37.797440,0.945057
30,8.00e-05,36.395830,3.962671,36.395828,0.947928,3.648351,33.275669,0.951411,3.898161,33.539345,0.951247
31,8.00e-05,36.222792,3.967589,36.222790,0.948176,3.506111,30.225229,0.955865,3.533355,30.392391,0.955821
32,8.00e-05,35.830742,3.964799,35.830742,0.948737,3.506628,31.442419,0.954088,3.681534,31.497753,0.954215
33,8.00e-05,35.424666,3.944309,35.424667,0.949318,3.434030,29.803324,0.956481,3.475057,29.544121,0.957054
34,8.00e-05,32.665216,3.759237,32.665218,0.953266,3.463230,30.831388,0.954980,3.478577,29.837397,0.956628
35,8.00e-05,32.104461,3.744583,32.104462,0.954068,3.475738,31.668161,0.953758,3.613989,30.071444,0.956288
36,8.00e-05,31.551847,3.680840,31.551847,0.954859,4.389452,45.780609,0.933151,4.577421,42.460938,0.938278
37,8.00e-05,29.538159,3.602741,29.538158,0.957740,3.489640,31.470964,0.954046,3.620204,30.253281,0.956024
38,8.00e-05,30.316209,3.613594,30.316210,0.956626,3.417593,30.147556,0.955978,3.652930,30.250845,0.956027
39,8.00e-05,28.891277,3.503809,28.891277,0.958665,3.402816,29.943300,0.956277,3.424455,28.131849,0.959107
40,8.00e-05,27.954709,3.452071,27.954706,0.960005,3.544709,33.605133,0.950930,3.737794,30.788778,0.955245
41,8.00e-05,25.511750,3.320082,25.511749,0.963500,3.948201,39.540703,0.942263,4.121820,36.104767,0.947518
42,8.00e-05,25.905345,3.318469,25.905346,0.962937,3.384440,28.942760,0.957738,3.419966,27.917431,0.959419
43,8.00e-05,26.177159,3.362175,26.177160,0.962548,3.369173,29.680433,0.956661,3.538565,29.267227,0.957457
44,8.00e-05,24.586614,3.300787,24.586613,0.964824,3.391985,30.626558,0.955279,3.379887,27.495375,0.960033
45,8.00e-05,23.797855,3.225902,23.797855,0.965952,3.329707,28.334465,0.958626,3.253682,26.688059,0.961206
46,8.00e-05,23.341292,3.169367,23.341291,0.966605,3.396581,30.202333,0.955899,3.427359,27.658901,0.959795
47,8.00e-05,21.368019,3.065192,21.368019,0.969429,3.413375,30.455059,0.955529,3.346194,27.778755,0.959621
48,8.00e-05,21.991077,3.057164,21.991076,0.968537,3.472587,31.620108,0.953828,3.348408,27.943571,0.959381
49,8.00e-05,20.934121,2.953986,20.934122,0.970049,3.287396,27.575169,0.959735,3.247372,26.386761,0.961644
50,8.00e-05,19.696786,2.925192,19.696785,0.971820,3.507568,33.113068,0.951648,3.559297,28.718590,0.958254
51,8.00e-05,19.283243,2.859147,19.283243,0.972411,3.370169,29.900486,0.956339,3.270646,26.045456,0.962140
52,8.00e-05,18.707130,2.837133,18.707129,0.973236,3.362505,30.283945,0.955779,3.290942,26.967871,0.960799
53,8.00e-05,18.167184,2.791748,18.167185,0.974008,3.592831,31.525747,0.953966,3.713364,31.603121,0.954062
54,3.20e-05,18.419706,2.851010,18.419706,0.973647,3.467519,30.869375,0.954924,3.307292,27.395842,0.960177
55,3.20e-05,15.585487,2.644388,15.585487,0.977702,3.342018,29.711685,0.956615,3.298214,26.225941,0.961878
56,3.20e-05,14.238633,2.522324,14.238634,0.979629,3.257561,29.374146,0.957108,3.191799,25.559677,0.962846
57,3.20e-05,14.105092,2.500294,14.105093,0.979820,3.340780,29.648020,0.956708,3.237695,26.156628,0.961979
58,3.20e-05,13.663965,2.462368,13.663965,0.980451,3.339946,30.317251,0.955731,3.199878,25.896683,0.962356
59,3.20e-05,12.682995,2.356339,12.682996,0.981854,3.289095,29.378960,0.957101,3.250093,26.645950,0.961267
60,3.20e-05,12.809898,2.346229,12.809898,0.981673,3.415957,30.624546,0.955282,3.262870,27.026781,0.960714
61,1.28e-05,12.565746,2.346801,12.565746,0.982022,3.333381,30.059008,0.956108,3.261594,26.351252,0.961696
62,1.28e-05,11.340245,2.238988,11.340244,0.983775,3.318704,29.720448,0.956602,3.215176,26.465694,0.961529
63,1.28e-05,10.590951,2.117915,10.590951,0.984847,3.397702,30.473223,0.955503,3.272411,27.140194,0.960549
64,1.28e-05,10.898382,2.169531,10.898382,0.984408,3.358570,30.117723,0.956022,3.219739,26.694202,0.961197
65,1.28e-05,10.015722,2.084980,10.015721,0.985670,3.370598,30.430658,0.955565,3.231380,27.034779,0.960702
66,5.12e-06,10.227829,2.100399,10.227830,0.985367,3.342576,30.298433,0.955758,3.189970,26.699152,0.961190
67,5.12e-06,9.707009,2.031879,9.707009,0.986112,3.341087,30.346220,0.955688,3.229349,26.999969,0.960753
68,5.12e-06,8.953532,1.961366,8.953532,0.987190,3.337697,30.147682,0.955978,3.232425,26.943956,0.960834
69,5.12e-06,9.204149,1.950231,9.204149,0.986832,3.336546,30.121927,0.956016,3.216822,26.867390,0.960945
70,5.12e-06,9.040306,1.986847,9.040305,0.987066,3.342992,30.088697,0.956064,3.233836,27.026054,0.960715
71,2.05e-06,8.996674,1.951211,8.996675,0.987128,3.312641,29.947172,0.956271,3.208939,26.835121,0.960992
72,2.05e-06,9.048644,1.971212,9.048644,0.987054,3.314552,29.871359,0.956382,3.187173,26.541466,0.961419
73,2.05e-06,8.969063,1.968586,8.969064,0.987168,3.317128,29.952616,0.956263,3.187590,26.586586,0.961354
74,2.05e-06,8.414632,1.902319,8.414632,0.987961,3.323431,29.956419,0.956258,3.190012,26.632055,0.961287
75,2.05e-06,8.429538,1.897268,8.429537,0.987940,3.296142,29.793306,0.956496,3.177696,26.442238,0.961563
76,8.19e-07,8.525621,1.898828,8.525620,0.987802,3.294784,29.805853,0.956477,3.163732,26.436445,0.961572
77,8.19e-07,8.568825,1.929019,8.568825,0.987741,3.288188,29.776218,0.956521,3.152521,26.265795,0.961820
78,8.19e-07,8.626321,1.916766,8.626321,0.987658,3.283731,29.742300,0.956570,3.152541,26.219040,0.961888
79,8.19e-07,8.350762,1.890740,8.350761,0.988053,3.306645,29.909912,0.956325,3.165997,26.390051,0.961639
80,8.19e-07,8.617271,1.928004,8.617271,0.987671,3.290345,29.781958,0.956512,3.159892,26.269583,0.961814
81,3.28e-07,8.236308,1.866569,8.236307,0.988216,3.299673,29.845934,0.956419,3.165142,26.376049,0.961660
82,3.28e-07,8.288918,1.893125,8.288918,0.988141,3.298260,29.881350,0.956367,3.157989,26.342810,0.961708
83,3.28e-07,8.185400,1.859256,8.185400,0.988289,3.289381,29.828310,0.956445,3.152081,26.273584,0.961809
84,3.28e-07,8.065473,1.865375,8.065474,0.988461,3.282540,29.800884,0.956485,3.148584,26.230043,0.961872
85,3.28e-07,8.205031,1.874335,8.205031,0.988261,3.280296,29.761494,0.956542,3.149120,26.214043,0.961895
86,1.31e-07,8.416476,1.899284,8.416476,0.987958,3.289283,29.823895,0.956451,3.153779,26.273960,0.961808
87,1.31e-07,8.129083,1.859923,8.129083,0.988370,3.290193,29.841940,0.956425,3.152825,26.294420,0.961778
88,1.31e-07,8.164590,1.861786,8.164590,0.988319,3.287302,29.817114,0.956461,3.151168,26.264938,0.961821
89,1.31e-07,8.243182,1.892153,8.243182,0.988206,3.291972,29.852745,0.956409,3.153104,26.308701,0.961757
90,1.31e-07,7.969001,1.834659,7.969001,0.988599,3.290560,29.843485,0.956423,3.152243,26.292715,0.961781
91,5.24e-08,8.130651,1.863987,8.130651,0.988367,3.292678,29.865976,0.956390,3.152590,26.315439,0.961748
92,5.24e-08,7.999417,1.867189,7.999417,0.988555,3.290521,29.849497,0.956414,3.151692,26.295731,0.961776
93,5.24e-08,8.032736,1.849821,8.032736,0.988508,3.289992,29.848566,0.956415,3.151176,26.291010,0.961783
94,5.24e-08,8.188351,1.884791,8.188351,0.988285,3.290675,29.858438,0.956401,3.151213,26.300301,0.961770
95,5.24e-08,8.096981,1.861454,8.096981,0.988416,3.289019,29.843231,0.956423,3.150805,26.285004,0.961792
96,2.10e-08,8.114485,1.868275,8.114484,0.988391,3.288683,29.840452,0.956427,3.150525,26.283617,0.961794
97,2.10e-08,8.165656,1.879784,8.165657,0.988317,3.288038,29.836056,0.956433,3.150225,26.277822,0.961802
98,2.10e-08,8.255892,1.894382,8.255892,0.988188,3.288668,29.840864,0.956426,3.150606,26.282240,0.961796
99,2.10e-08,8.051065,1.843180,8.051065,0.988481,3.287303,29.831699,0.956440,3.149867,26.272455,0.961810
100,2.10e-08,8.058053,1.860372,8.058053,0.988471,3.287434,29.832275,0.956439,3.150028,26.273262,0.961809
101,8.39e-09,8.276315,1.874652,8.276315,0.988159,3.288484,29.838017,0.956430,3.150723,26.280315,0.961799
102,8.39e-09,7.610881,1.808417,7.610881,0.989111,3.288242,29.835794,0.956434,3.150634,26.278410,0.961802
103,8.39e-09,7.915779,1.848546,7.915780,0.988675,3.288452,29.837660,0.956431,3.150729,26.280457,0.961799
104,8.39e-09,8.060568,1.852311,8.060568,0.988468,3.288458,29.837896,0.956431,3.150740,26.280243,0.961799
105,8.39e-09,8.174427,1.865666,8.174427,0.988305,3.288320,29.836857,0.956432,3.150638,26.278515,0.961801
106,8.39e-09,7.934951,1.856571,7.934950,0.988647,3.288132,29.835941,0.956434,3.150467,26.277840,0.961802
107,8.39e-09,7.902157,1.846170,7.902158,0.988694,3.288589,29.840023,0.956428,3.150582,26.282211,0.961796
108,8.39e-09,7.943283,1.848507,7.943283,0.988635,3.288588,29.839924,0.956428,3.150628,26.282181,0.961796
109,8.39e-09,8.124124,1.870745,8.124124,0.988377,3.288578,29.840816,0.956426,3.150533,26.282183,0.961796
110,8.39e-09,7.828298,1.830988,7.828298,0.988800,3.288844,29.843369,0.956423,3.150640,26.284790,0.961792
111,8.39e-09,7.863661,1.839425,7.863660,0.988749,3.289615,29.850204,0.956413,3.150973,26.291611,0.961782
112,8.39e-09,7.888224,1.846754,7.888223,0.988714,3.288951,29.844780,0.956421,3.150640,26.286196,0.961790
113,8.39e-09,7.840927,1.846300,7.840927,0.988782,3.289687,29.850424,0.956412,3.151031,26.292881,0.961780
114,8.39e-09,7.946730,1.856412,7.946731,0.988631,3.290007,29.853006,0.956409,3.151185,26.295774,0.961776
115,8.39e-09,7.916996,1.853369,7.916996,0.988673,3.289257,29.847351,0.956417,3.150793,26.289551,0.961785
116,8.39e-09,8.131022,1.898731,8.131022,0.988367,3.289965,29.853224,0.956408,3.151134,26.295961,0.961776
117,8.39e-09,7.939672,1.843173,7.939672,0.988641,3.290258,29.854523,0.956406,3.151373,26.297773,0.961773
118,8.39e-09,7.979564,1.844763,7.979564,0.988584,3.290615,29.856504,0.956403,3.151599,26.300489,0.961769
119,8.39e-09,8.114124,1.876232,8.114123,0.988391,3.291644,29.863808,0.956393,3.152215,26.308439,0.961758
120,8.39e-09,7.973539,1.855274,7.973538,0.988592,3.291153,29.859898,0.956399,3.151946,26.304628,0.961763
121,8.39e-09,7.806794,1.840518,7.806795,0.988831,3.290491,29.854410,0.956407,3.151607,26.298798,0.961772
122,8.39e-09,8.242192,1.857048,8.242192,0.988208,3.290255,29.852646,0.956409,3.151475,26.297241,0.961774
123,8.39e-09,8.199166,1.883832,8.199165,0.988269,3.290617,29.855608,0.956405,3.151665,26.301043,0.961769
124,8.39e-09,8.409902,1.897113,8.409903,0.987968,3.291384,29.861666,0.956396,3.152045,26.307875,0.961759
125,8.39e-09,8.108666,1.865296,8.108666,0.988399,3.290570,29.855064,0.956406,3.151629,26.300039,0.961770
126,8.39e-09,8.233177,1.878286,8.233177,0.988221,3.290877,29.857805,0.956402,3.151745,26.302956,0.961766
127,8.39e-09,8.189641,1.875891,8.189641,0.988283,3.290794,29.857035,0.956403,3.151704,26.301876,0.961767
128,8.39e-09,8.200614,1.875699,8.200614,0.988267,3.290555,29.855614,0.956405,3.151537,26.300039,0.961770
129,8.39e-09,8.163805,1.868982,8.163806,0.988320,3.290260,29.852940,0.956409,3.151400,26.297270,0.961774
130,8.39e-09,8.249828,1.878417,8.249828,0.988197,3.290168,29.852684,0.956409,3.151326,26.296476,0.961775
131,8.39e-09,8.123168,1.860152,8.123169,0.988378,3.290032,29.851616,0.956411,3.151292,26.295271,0.961777
132,8.39e-09,8.113247,1.859205,8.113247,0.988392,3.289815,29.851082,0.956411,3.151153,26.293816,0.961779
133,8.39e-09,8.574621,1.905710,8.574621,0.987732,3.290550,29.856823,0.956403,3.151539,26.299856,0.961770
134,8.39e-09,8.236265,1.898435,8.236264,0.988216,3.289611,29.850225,0.956413,3.150978,26.292158,0.961782
135,8.39e-09,8.190592,1.868086,8.190592,0.988282,3.290662,29.858292,0.956401,3.151557,26.301075,0.961769
136,8.39e-09,8.053379,1.878844,8.053379,0.988478,3.290678,29.858912,0.956400,3.151600,26.301279,0.961768
137,8.39e-09,8.419248,1.879068,8.419248,0.987955,3.290319,29.856964,0.956403,3.151345,26.298813,0.961772
138,8.39e-09,8.121630,1.848692,8.121630,0.988380,3.289745,29.852417,0.956409,3.151089,26.293180,0.961780
139,8.39e-09,8.168569,1.845793,8.168570,0.988313,3.289505,29.850145,0.956413,3.151024,26.290380,0.961784
140,8.39e-09,8.470086,1.885319,8.470086,0.987882,3.289834,29.853453,0.956408,3.151138,26.293728,0.961779
141,8.39e-09,8.352380,1.898935,8.352380,0.988050,3.289937,29.853798,0.956407,3.151212,26.294111,0.961779
142,8.39e-09,7.973920,1.855533,7.973920,0.988592,3.289764,29.852495,0.956409,3.151134,26.292547,0.961781
143,8.39e-09,8.121277,1.863464,8.121277,0.988381,3.289138,29.848417,0.956415,3.150741,26.287420,0.961788
144,8.39e-09,8.293426,1.882091,8.293427,0.988135,3.289104,29.847530,0.956417,3.150781,26.286736,0.961789
145,8.39e-09,8.215288,1.867383,8.215288,0.988246,3.289836,29.853363,0.956408,3.151173,26.293423,0.961780
146,8.39e-09,8.089411,1.869136,8.089411,0.988426,3.290119,29.856050,0.956404,3.151286,26.295996,0.961776
147,8.39e-09,8.108396,1.869705,8.108396,0.988399,3.290407,29.858524,0.956401,3.151465,26.298843,0.961772
148,8.39e-09,8.064020,1.855347,8.064019,0.988463,3.290953,29.863102,0.956394,3.151767,26.303965,0.961764
149,8.39e-09,8.355817,1.915691,8.355817,0.988045,3.291216,29.866041,0.956390,3.151869,26.306713,0.961760
150,8.39e-09,8.174370,1.852644,8.174371,0.988305,3.291228,29.865770,0.956390,3.151918,26.306501,0.961761
