,true_age,predicted_age
8363800025_R05C01,42.0,32.209705
8363800025_R05C02,23.0,22.888094
8363800025_R04C01,62.0,55.27682
8363800057_R03C02,46.0,42.037582
8363800025_R02C01,53.0,43.594383
8363800025_R02C02,43.0,41.57595
8359018119_R02C02,45.0,37.630875
8363800056_R03C02,53.0,49.417065
8359018119_R06C01,43.0,36.7962
8363800025_R03C01,55.0,51.85723
GSM2084605,-0.3041643835616438,-0.2181958
GSM2084627,-0.005561643835616422,0.0038188696
GSM2084614,-0.13980821917808217,-0.099773526
GSM2084610,-0.2243835616438356,-0.22193515
GSM2084624,-0.010931506849315074,-0.14938104
GSM2084609,-0.2356986301369863,-0.35045063
GSM2084619,-0.019178082191780823,-0.14044845
GSM2084628,-0.002684931506849326,0.04378164
GSM1646896,0.0,5.4554706
GSM1646918,0.0,7.048979
GSM1646869,5.0,15.833528
GSM1646914,0.0,8.475938
GSM1646864,3.0,27.208496
GSM1646900,0.0,7.314407
GSM1646908,0.0,5.315513
GSM1646885,0.0,7.4169
GSM1646873,3.0,15.317799
GSM1646906,0.0,2.8624983
GSM1646887,0.0,5.9667053
GSM1646909,0.0,6.260424
GSM1646851,2.0,14.21492
GSM1646913,0.0,8.590123
GSM1378525,60.0,55.730846
GSM1378502,34.0,34.8445
GSM1378489,62.0,60.315685
GSM1378526,29.0,29.499992
GSM1378483,51.0,51.770855
GSM1378553,62.0,22.880579
GSM1378515,67.0,39.424946
GSM1378533,69.0,40.713696
GSM1378534,45.0,25.244843
GSM1299708,82.0,73.63241
GSM1299748,76.0,75.22413
GSM1299717,48.0,50.570103
GSM1300377,55.0,46.70135
GSM1299799,73.0,70.52377
GSM1300529,68.0,68.060936
GSM1299663,65.0,64.87898
GSM1300393,81.0,80.76071
GSM1299788,63.0,59.205463
GSM1299689,80.0,79.65806
GSM1300549,56.0,58.334583
GSM1299820,68.0,72.50881
GSM1300557,77.0,63.633965
GSM1300345,73.0,72.08501
GSM1300539,70.0,70.272575
GSM1300527,67.0,65.863716
GSM1299715,65.0,64.88635
GSM1299772,74.0,74.68833
GSM1299672,68.0,67.93722
GSM1300555,68.0,69.14508
GSM1299836,63.0,64.22621
GSM1300551,86.0,80.31926
GSM1300563,68.0,70.66903
GSM1300569,69.0,68.77388
GSM1300523,63.0,68.64516
GSM1299667,58.0,58.365406
GSM1299794,50.0,48.84728
GSM1300373,83.0,81.78871
GSM1299711,75.0,69.51432
GSM1299657,45.0,46.276707
GSM1299701,79.0,73.913
GSM1299832,67.0,68.15638
GSM1300363,48.0,49.19822
GSM507192,73.0,60.951588
GSM507174,62.0,51.601208
GSM507207,60.0,47.868916
GSM507224,66.0,53.002827
GSM507152,71.0,60.55069
GSM507178,55.0,46.26834
GSM507191,63.0,46.04746
GSM507219,61.0,50.836544
GSM507162,64.0,51.8279
GSM507196,55.0,45.76297
GSM507235,56.0,49.423553
GSM507187,62.0,49.32915
GSM507242,65.0,58.047523
GSM507214,53.0,44.611385
GSM507164,56.0,47.69133
GSM507156,60.0,46.532997
GSM507170,72.0,56.588963
GSM507180,71.0,53.009823
GSM507201,71.0,63.80167
GSM1438496,20.0,20.359552
GSM1438518,57.0,57.17821
GSM1438505,57.0,18.089819
GSM1438501,55.0,56.070587
GSM1438515,24.0,24.216185
GSM1438500,59.0,58.75246
GSM1438510,21.0,22.20264
GSM1438519,59.0,57.61918
GSM1694741,0.0,0.36216438
GSM1694686,0.0,31.383314
GSM1694786,0.0,-0.3060888
GSM1694746,0.0,-0.39441526
GSM1694744,0.0,-0.29990613
GSM1694699,0.0,-0.17049778
GSM1694732,0.0,-0.40073168
GSM1694810,0.0,-0.23967755
GSM1694736,0.0,-0.369923
GSM1694750,0.0,-0.32994378
GSM1694778,0.0,-0.29992926
GSM1694679,0.0,-0.34763062
GSM1694704,0.0,-0.37317812
GSM1694676,0.0,-0.27027738
GSM1694687,0.0,-0.23290646
GSM1694724,0.0,-0.21912658
GSM1694772,0.0,-0.1973089
GSM1694737,0.0,-0.031172395
GSM1694723,0.0,-0.32431757
GSM1694801,0.0,-0.19377935
GSM1694697,0.0,-0.2984978
GSM1694795,0.0,-0.25030863
GSM1694694,0.0,-0.18137372
GSM1694796,0.0,0.2175957
GSM1694799,0.0,-0.24417031
GSM1694814,0.0,-0.15803516
GSM1694776,0.0,-0.275288
GSM1694812,0.0,-0.28209674
GSM1694713,0.0,-0.23869884
GSM1694698,0.0,-0.2350117
GSM2648873,62.0,65.9699
GSM2648859,76.0,67.26413
GSM2648860,63.0,67.872
GSM2648880,58.0,58.341587
GSM2648869,57.0,57.638256
GSM2648876,60.0,59.19263
GSM2648838,80.0,74.06605
GSM2648846,87.0,65.870865
GSM2648842,76.0,67.779335
GSM2648837,68.0,58.921936
GSM845996,0.0,0.37806594
GSM845923,0.0,1.685671
GSM845981,0.0,0.5789689
GSM845945,0.0,-0.36429012
GSM845935,0.0,-0.456689
GSM845993,0.0,0.31003892
GSM845933,0.0,-0.43983662
GSM845941,0.0,-0.26311195
GSM845927,0.0,-0.42140234
GSM845988,0.0,0.06751311
GSM845963,0.0,-0.24496591
GSM845970,0.0,-0.40699947
GSM845958,0.0,-0.5088564
GSM846004,0.0,1.2830075
GSM845978,0.0,-0.3539244
GSM845977,0.0,-0.39889586
GSM845956,0.0,-0.36894906
GSM1584287,0.0,-0.30362928
GSM1584275,0.0,-0.47153032
GSM1584350,0.0,-0.20221937
GSM1584311,0.0,-0.046976924
GSM1584473,0.0,-0.3248347
GSM1584377,0.0,-0.34244335
GSM1584306,0.0,-0.25674784
GSM1584415,0.0,-0.23862875
GSM1584283,0.0,-0.1277126
GSM1584349,0.0,0.41014946
GSM1584329,0.0,-0.37990487
GSM1584458,0.0,-0.45040262
GSM1584298,0.0,-0.21517265
GSM1584479,0.0,-0.22387755
GSM1584421,0.0,-0.19467819
GSM1584312,0.0,-0.4728912
GSM1584316,0.0,-0.36283314
GSM1584470,0.0,-0.17061484
GSM1584334,0.0,0.0076447725
GSM1584422,0.0,-0.25725782
GSM1584302,0.0,-0.4888724
GSM1584346,0.0,-0.32492864
GSM1584409,0.0,-0.29759252
GSM1584463,0.0,-0.4001125
GSM1584384,0.0,-0.28260076
GSM1584342,0.0,-0.3376807
GSM1584327,0.0,-0.42017496
GSM1584472,0.0,-0.055909514
GSM1584443,0.0,-0.2901181
GSM1584289,0.0,-0.28111517
GSM1584380,0.0,-0.43802083
GSM1584433,0.0,-0.20813096
GSM1584376,0.0,-0.03131354
GSM1584296,0.0,-0.2548269
GSM1584364,0.0,-0.39410055
GSM1584360,0.0,-0.4894985
GSM1584413,0.0,-0.24836099
GSM1584353,0.0,-0.3492378
GSM1584370,0.0,-0.3819939
GSM1584390,0.0,-0.40112698
GSM1584392,0.0,0.023961902
GSM1584304,0.0,-0.31837142
GSM1584371,0.0,-0.19413769
GSM1584395,0.0,-0.26029718
GSM1365589,35.0,36.933323
GSM1365664,44.0,41.29004
GSM1365611,52.0,51.02283
GSM1365585,37.0,35.663998
GSM1365621,27.0,35.855865
GSM1365676,18.0,17.37416
GSM1365597,38.0,38.39283
GSM1365629,30.0,31.544931
GSM1365599,20.0,19.520433
GSM1365650,33.0,33.64011
GSM1365666,27.0,33.617233
GSM1365624,29.0,32.514732
GSM1365596,37.0,37.576683
GSM1365640,16.0,24.656258
GSM1365590,35.0,41.653088
GSM2199621,5.0,4.152559
GSM2199633,5.0,4.506528
GSM2199625,5.0,6.019902
GSM2199631,5.0,6.5230393
GSM2199640,0.0,-0.24729669
GSM2199639,0.0,-0.30267298
GSM1244569,27.0,31.06248
GSM1244564,24.0,26.591019
GSM1244522,32.0,42.13673
GSM1244513,43.0,49.402653
GSM1244556,37.0,38.183094
GSM1244504,74.0,67.78001
GSM1244536,26.0,31.686947
GSM1244510,54.0,51.042225
GSM1244557,37.0,40.323925
GSM1244501,45.0,44.729954
GSM1244512,31.0,30.267338
GSM1244508,54.0,50.363373
GSM897859,-0.038356164383561646,0.06275189
GSM897886,-0.15342465753424658,-0.14947546
GSM897888,-0.07671232876712329,-0.10847199
GSM897930,-0.15342465753424658,-0.27525413
GSM897845,-0.057534246575342465,0.17376101
GSM897881,-0.038356164383561646,-0.15364134
GSM897903,-0.057534246575342465,-0.1062659
GSM897941,-0.057534246575342465,-0.23719084
GSM897872,-0.0958904109589041,-0.16170871
GSM897896,-0.057534246575342465,-0.24071896
GSM897894,-0.11506849315068493,-0.3888601
GSM897917,-0.038356164383561646,-0.30399787
GSM897851,-0.057534246575342465,0.44314754
GSM897932,-0.07671232876712329,-0.5034193
GSM897934,-0.13424657534246576,-0.4021126
GSM897852,-0.057534246575342465,0.21339214
GSM897918,-0.0958904109589041,-0.16375768
GSM897897,-0.057534246575342465,-0.10862434
GSM897957,-0.038356164383561646,-0.43822086
GSM897841,-0.11506849315068493,-0.09352362
GSM897867,-0.07671232876712329,-0.01320827
GSM897885,-0.11506849315068493,0.323079
GSM897907,-0.038356164383561646,-0.29771554
GSM897949,-0.057534246575342465,-0.5034307
GSM897865,-0.11506849315068493,-0.28819
GSM2051898,48.0,41.377743
GSM2051976,23.0,26.44571
GSM2051908,20.0,23.398209
GSM2051954,20.0,17.944218
GSM2051964,65.0,66.05331
GSM2051894,58.0,58.12183
GSM2051966,67.0,57.550236
GSM2051958,65.0,62.727207
GSM2051972,22.0,27.59784
GSM2051910,24.0,26.735601
GSM2051936,23.0,18.828447
GSM2051929,21.0,23.227013
GSM2051941,20.0,20.909819
GSM2051904,29.0,29.246418
GSM2051921,40.0,35.699726
GSM2051922,24.0,23.299572
GSM2051943,55.0,51.441933
GSM1523017,5.0,51.180027
GSM1523012,0.0,16.604872
GSM1522981,2.0,11.291782
GSM1522972,0.0,26.882795
GSM1523004,0.0,15.347292
GSM1522963,5.0,42.16946
GSM1522984,5.0,18.155785
GSM1522969,2.0,13.370562
GSM1523005,0.0,19.025764
GSM1522960,2.0,52.36092
GSM1522971,5.0,49.41995
GSM1522967,0.0,27.011715
GSM1363620,19.3,31.65767
GSM1363632,23.8,32.230667
GSM1363624,28.5,33.131702
GSM1363630,23.8,32.611473
GSM1363639,26.1,32.781254
GSM1363638,26.1,33.677097
GSM1363618,19.3,32.293324
GSM1399985,54.30800821,54.97566
GSM1399923,64.34770705,64.486435
GSM1399909,56.95824778,62.97951
GSM1400001,50.81724846,51.427948
GSM1399905,50.10540726,56.099392
GSM1399896,45.58795346,47.85742
GSM1399976,51.54825462,50.45254
GSM1399919,49.13620808,53.029316
GSM1399947,58.49691992,61.837963
GSM1400030,57.31964408,52.795048
GSM1399938,59.59753593,60.365467
GSM1399952,49.60438056,50.81432
GSM1400020,68.26283368,67.885345
GSM1399971,58.49418207,61.824547
GSM1399915,59.96440794,63.289684
GSM1400046,68.19438741,66.98768
GSM1399925,56.02464066,57.35142
GSM1400037,44.18069815,45.790627
GSM1399986,50.98425736,51.670277
GSM1399916,51.54825462,52.799213
GSM1400032,57.31964408,51.974186
GSM1400031,32.95003422,33.470318
GSM1400006,67.70157426,65.02627
GSM1399948,64.85420945,64.87382
GSM1399893,45.84531143,47.654274
GSM1400042,47.64681725,48.880993
GSM1400045,56.02464066,56.56974
GSM1399957,56.41341547,58.469883
GSM1400043,49.92744695,45.48637
GSM1400049,60.30390144,53.303425
GSM1399921,56.41341547,59.451977
GSM1400052,52.39698836,52.089493
GSM1400023,49.00752909,49.476986
GSM1399937,64.5065024,66.39382
GSM1399983,55.2881588,53.18247
GSM492054,70.0,68.92982
GSM492069,71.0,65.68054
GSM492091,68.0,71.62646
GSM492183,50.0,64.62048
GSM492021,63.0,63.530712
GSM492286,71.0,60.63728
GSM491943,65.0,64.2321
GSM492419,58.0,60.38104
GSM492119,69.0,68.79698
GSM491992,56.0,64.023384
GSM492041,67.0,68.5811
GSM492472,58.0,56.895836
GSM492259,61.0,67.53092
GSM492187,52.0,71.92621
GSM492175,63.0,65.02285
GSM492410,60.0,60.10469
GSM492465,77.0,76.017105
GSM492297,57.0,58.838333
GSM492148,65.0,60.70016
GSM492387,69.0,67.21883
GSM491947,76.0,73.07497
GSM492345,58.0,58.64874
GSM492085,53.0,52.57575
GSM492392,69.0,68.20173
GSM491939,56.0,61.80493
GSM492357,80.0,76.95237
GSM492445,70.0,70.32859
GSM492122,77.0,75.72567
GSM492353,59.0,58.782173
GSM492132,76.0,71.38196
GSM492456,61.0,60.280933
GSM492429,63.0,62.682224
GSM492417,65.0,63.28497
GSM492292,67.0,62.630398
GSM492095,59.0,66.54617
GSM492167,62.0,66.63717
GSM492366,60.0,60.498077
GSM492023,73.0,71.20603
GSM492014,64.0,64.43087
GSM492068,69.0,67.44994
GSM492026,56.0,64.885635
GSM492074,50.0,55.941082
GSM491967,63.0,62.451965
GSM492016,79.0,69.19529
GSM492012,71.0,65.27033
GSM492280,67.0,66.022255
GSM491946,59.0,58.219025
GSM492335,71.0,63.694283
GSM492145,75.0,75.31225
GSM492010,58.0,58.99416
GSM492146,56.0,57.68185
GSM492385,56.0,58.64046
GSM492373,61.0,56.37946
GSM492377,52.0,57.678883
GSM492015,75.0,73.97445
GSM492007,53.0,61.853985
GSM492141,51.0,55.82179
GSM492009,77.0,71.552
GSM492226,73.0,64.19603
GSM492293,54.0,58.630074
GSM492182,53.0,61.69999
GSM492109,51.0,56.65743
GSM492038,56.0,61.078087
GSM492470,64.0,61.68916
GSM492455,56.0,58.124424
GSM492434,71.0,69.959404
GSM492077,62.0,54.50762
GSM492172,72.0,67.62167
GSM492013,72.0,71.13965
GSM492367,62.0,61.08444
GSM492104,58.0,58.211555
GSM492241,64.0,58.843143
GSM492005,73.0,68.68214
GSM492027,66.0,69.075615
GSM492000,71.0,69.747955
GSM492279,67.0,65.79658
GSM492409,66.0,66.19368
GSM492250,70.0,70.74272
GSM492383,73.0,64.48395
GSM491970,74.0,74.124275
GSM492019,55.0,55.331985
GSM492421,64.0,62.81609
GSM491937,68.0,69.41768
GSM491948,73.0,68.61338
GSM492394,72.0,69.966896
GSM491959,84.0,74.376854
GSM492418,61.0,61.55171
GSM492463,61.0,61.33462
GSM492113,79.0,73.652145
GSM492110,84.0,71.08794
GSM492423,60.0,58.396954
GSM492185,66.0,67.064285
GSM491955,71.0,70.12701
GSM492166,73.0,71.22749
GSM492255,60.0,60.22463
GSM491952,65.0,65.97669
GSM492374,68.0,67.247185
GSM491976,55.0,58.37586
GSM492433,58.0,59.09751
GSM492220,57.0,48.797626
GSM491983,59.0,65.24897
GSM492030,60.0,59.05862
GSM492261,75.0,68.52317
GSM492316,77.0,70.60661
GSM492309,82.0,74.74162
GSM492476,64.0,64.04203
GSM492325,67.0,62.803402
GSM492223,74.0,69.171524
GSM1007249,24.0,25.325626
GSM1007293,22.0,23.312271
GSM1007168,34.0,37.83722
GSM1007681,50.0,50.574547
GSM1007329,44.0,45.69939
GSM1007680,57.0,58.113518
GSM1007194,24.0,28.403025
GSM1007643,43.0,45.72975
GSM1007207,25.0,27.855867
GSM1007726,52.0,47.984745
GSM1007789,62.0,65.894196
GSM1007226,19.0,26.171238
GSM1007456,37.0,33.717
GSM1007213,28.0,29.75847
GSM1007339,23.0,23.75925
GSM1007555,22.0,20.128494
GSM1007573,20.0,21.939983
GSM1007773,54.0,55.8007
GSM1007845,68.0,69.67045
GSM1007470,27.0,27.440311
GSM1007183,44.0,40.757256
GSM1007340,20.0,21.077333
GSM1007815,54.0,56.256145
GSM1007710,58.0,56.120205
GSM1007579,33.0,37.65242
GSM1007260,24.0,29.511763
GSM1007464,30.0,32.198032
GSM1007201,20.0,21.49316
GSM1007215,31.0,33.026855
GSM1007162,30.0,30.806341
GSM1007287,47.0,47.467747
GSM1007247,22.0,27.595488
GSM1007756,66.0,65.72846
GSM1007603,48.0,55.01209
GSM1007210,37.0,37.354923
GSM1007303,21.0,21.921892
GSM1007206,19.0,20.589691
GSM1007277,39.0,34.273247
GSM1007265,46.0,46.71995
GSM1007463,26.0,25.54417
GSM1007262,26.0,33.340626
GSM1007361,24.0,25.358028
GSM1007743,55.0,57.636036
GSM1007518,21.0,23.271734
GSM1007342,32.0,31.392693
GSM1007178,52.0,55.188198
GSM1007468,44.0,48.063423
GSM1007484,23.0,23.816574
GSM1007343,31.0,29.022028
GSM1007480,25.0,25.557314
GSM1007238,26.0,25.044146
GSM1007422,41.0,41.67156
GSM1007374,45.0,48.934612
GSM1007476,37.0,30.739864
GSM1007835,63.0,65.2294
GSM1007575,24.0,25.971493
GSM1007192,27.0,29.939907
GSM1007341,27.0,28.203537
GSM1007390,27.0,24.601559
GSM1007387,23.0,23.030273
GSM1007139,28.0,26.931135
GSM1007284,26.0,25.22645
GSM1007651,23.0,27.746264
GSM1007389,23.0,23.758373
GSM1007661,50.0,51.66851
GSM1007325,45.0,39.334713
GSM1007542,49.0,55.168434
GSM1007729,21.0,26.62098
GSM1007725,21.0,20.249695
GSM1007797,81.0,79.603935
GSM1007566,32.0,33.59139
GSM1007808,39.0,47.122112
GSM1007507,73.0,69.317535
GSM1007274,26.0,30.449833
GSM1007230,29.0,28.99298
GSM1007426,29.0,30.404842
GSM1007578,29.0,34.80266
GSM1007752,64.0,63.31452
GSM1007547,24.0,25.049171
GSM1007414,19.0,20.235872
GSM1007311,39.0,33.802097
GSM1007457,35.0,39.577038
GSM1007160,44.0,44.682755
GSM1007829,56.0,50.055016
GSM1007679,43.0,45.224243
GSM1007688,49.0,48.897972
GSM1007526,54.0,61.111225
GSM1007552,43.0,46.697235
GSM1007698,19.0,19.57174
GSM1007184,26.0,28.153606
GSM1007462,43.0,59.493607
GSM1007465,27.0,27.366072
GSM1007587,26.0,26.568874
GSM1007430,23.0,28.04881
GSM1007205,32.0,32.647842
GSM1007131,23.0,23.486572
GSM1007380,26.0,24.111359
GSM1007334,36.0,36.453884
GSM1007421,24.0,24.48617
GSM1007844,60.0,61.257877
GSM1007491,35.0,29.787569
GSM1007700,24.0,23.890736
GSM1007656,50.0,51.951576
GSM1007432,20.0,22.16489
GSM1007708,23.0,22.15069
GSM1007310,35.0,31.090195
GSM1007353,41.0,34.01837
GSM1007612,22.0,27.630184
GSM1007786,79.0,75.56901
GSM1007461,38.0,33.917675
GSM1007264,30.0,30.35684
GSM1007219,22.0,22.2347
GSM1007483,24.0,27.322426
GSM1007454,28.0,31.012737
GSM1007449,18.0,18.249954
GSM1007189,22.0,22.040222
GSM1007294,21.0,21.454994
GSM1007159,18.0,19.415138
GSM1007198,22.0,23.445229
GSM1007538,40.0,56.96307
GSM1007499,25.0,26.32999
GSM1007173,46.0,42.34079
GSM1007416,19.0,23.070045
GSM1007199,19.0,20.782389
GSM1007520,26.0,27.37779
GSM1007616,21.0,32.80308
GSM1007350,36.0,29.367025
GSM1007386,22.0,24.152622
GSM1007523,61.0,62.78359
GSM1007562,46.0,44.479824
GSM1007765,72.0,62.53461
GSM1007448,29.0,24.305656
GSM1007802,57.0,61.373226
GSM1007641,23.0,24.872906
GSM1007135,28.0,33.956833
GSM1007796,63.0,64.43577
GSM1007569,28.0,29.903507
GSM1007662,34.0,35.0641
GSM1007328,39.0,37.479916
GSM1007261,45.0,46.310867
GSM1007424,39.0,42.39067
GSM1007474,35.0,35.08442
GSM1007170,25.0,25.835613
GSM1007237,25.0,39.075417
GSM1572508,42.5,40.152267
GSM1572605,36.8,41.803333
GSM1572611,2.4,2.6202297
GSM1572527,47.2,48.121174
GSM1572511,37.2,37.67554
GSM1572543,48.8,48.7234
GSM1572579,37.9,38.43723
GSM1572576,41.5,44.833687
GSM1572515,44.4,45.793987
GSM1572604,3.5,2.0711884
GSM1572561,61.0,61.686394
GSM1572566,50.3,47.68761
GSM1572615,7.3,6.355933
GSM1572530,46.5,47.729465
GSM1572597,24.3,24.410091
GSM1572544,51.1,51.036404
GSM1572541,49.9,48.674305
GSM1572529,40.7,42.37686
GSM1572553,58.6,55.961983
GSM1572564,60.1,61.498623
GSM1572603,34.3,36.374157
GSM1572528,35.8,30.801722
GSM1440021,0.375,-0.38368237
GSM1440018,0.375,-0.2586695
GSM1469974,0.375,-0.25679958
GSM1440010,0.375,-0.08424866
GSM1440039,0.375,0.23166358
GSM1440001,0.375,-0.33591092
GSM1439992,0.375,-0.33084
GSM1440055,0.375,-0.1394707
GSM1440025,0.375,0.016708255
GSM1439957,0.375,-0.17238271
GSM1440047,0.375,-0.011703372
GSM1440003,0.375,-0.09831154
GSM1440054,0.375,-0.25089085
GSM1440029,0.375,0.090863585
GSM1439975,0.375,-0.16346395
GSM1439973,0.375,-0.09979427
GSM1439954,0.375,0.117984414
GSM1469978,0.375,-0.04970157
GSM1439976,0.375,-0.19504344
GSM1439960,0.375,-0.21185505
GSM1440000,0.375,-0.24223173
GSM1440020,0.375,-0.07498634
GSM1440034,0.375,0.0052114725
GSM1439995,0.375,-0.1995138
GSM1314383,0.0,-0.23499167
GSM1314370,0.0,-0.26794446
GSM1314384,0.0,-0.077557206
GSM1314367,0.0,-0.26711714
GSM1314386,0.0,-0.3978516
GSM1314373,0.0,-0.27696073
GSM1314398,0.0,-0.35698926
GSM1314391,0.0,-0.45898473
GSM1314406,0.0,-0.33881104
GSM1314385,0.0,-0.1971873
GSM1272208,58.0,59.352604
GSM1272203,61.0,59.75915
GSM1272174,19.0,33.21459
GSM1272195,46.0,46.945095
GSM1272164,36.0,34.506813
GSM1272156,24.0,25.160915
GSM1272171,52.0,53.363598
GSM1272183,57.0,58.031456
GSM1272162,46.0,42.931026
GSM1272196,50.0,50.110867
GSM1272160,52.0,51.726955
GSM1272205,60.0,69.33277
GSM908445,27.0,36.478863
GSM908423,29.0,39.815136
GSM908478,40.0,51.055717
GSM908401,38.0,49.04041
GSM908480,42.0,47.346172
GSM908467,30.0,36.586216
GSM908447,35.0,49.586246
GSM908425,33.0,46.625004
GSM908393,39.0,40.576313
GSM908383,38.0,44.763847
GSM908414,40.0,49.44804
GSM908459,35.0,43.186066
GSM908430,37.0,39.946945
GSM908409,26.0,45.178253
GSM908427,33.0,42.44998
GSM908387,37.0,37.521656
GSM908405,35.0,48.827602
GSM908395,27.0,47.618866
GSM908471,40.0,45.917553
GSM908456,26.0,39.946945
GSM1653288,48.0,47.896
GSM1653301,56.0,56.997417
GSM1653300,36.0,36.808372
GSM1653289,53.0,55.84293
GSM1653291,60.0,57.440815
GSM1653285,27.0,29.566368
GSM1653321,36.0,37.15331
GSM1653313,51.0,51.408836
GSM1653317,35.0,34.608448
GSM1383654,10.07,14.380974
GSM1383641,10.86,14.547926
GSM1383646,10.65,19.061071
GSM1383653,11.09,18.382341
GSM1383639,9.84,16.205173
GSM1848097,71.0,62.833324
GSM1848092,58.0,47.76053
GSM1848006,36.0,33.429638
GSM1848021,71.0,57.059208
GSM1848083,63.0,53.039566
GSM1847997,51.0,39.59293
GSM1848018,74.0,57.213955
GSM1848003,50.0,34.594524
GSM1848084,54.0,43.009235
GSM1848012,61.0,29.447819
GSM1848019,48.0,37.40806
GSM1847993,37.0,33.168957
GSM1848080,52.0,41.934376
GSM1860461,39.0,38.7087
GSM1860483,19.0,39.800972
GSM1860470,22.0,21.056492
GSM1860466,23.0,19.978924
GSM1860480,37.0,36.71414
GSM1860465,23.0,22.370888
GSM1860475,49.0,48.919937
GSM1860484,19.0,25.888222
090845,80.0,70.601456
100091,74.0,68.68751
090259,76.0,59.750614
100754,74.0,82.11819
090908,69.0,71.74896
GSM1282784,65.47296,65.777016
GSM1282797,67.08282,60.18398
GSM1282796,67.08282,65.19046
GSM1282785,69.29774,63.70287
GSM1282787,54.71321,56.085293
GSM1282782,47.27721,47.522182
GSM1282817,63.60575,61.863213
GSM1282809,58.58727,59.248028
GSM1282813,54.85558,54.255173
GSM1209293,56.0,56.31436
GSM1209271,74.0,72.88034
GSM1209320,39.0,46.825462
GSM1209275,74.0,74.180244
GSM1209326,44.0,46.453068
GSM1209289,64.0,63.57465
GSM1209281,70.0,75.9401
GSM1209304,72.0,74.115875
GSM1209317,39.0,40.185787
GSM1209283,66.0,65.703964
GSM1209302,36.0,46.815205
GSM1209280,71.0,71.56538
GSM1209332,41.0,46.801853
GSM1209276,85.0,84.30308
GSM1209324,78.0,72.53892
GSM1602331,22.0,22.7994
GSM1602330,22.0,22.599989
GSM1602326,32.0,33.961384
GSM1602317,26.0,26.22968
GSM1320523,38.0,38.408863
GSM1320506,48.0,48.15371
GSM1320508,30.0,29.66539
GSM1320522,48.0,47.7243
GSM1831336,52.0,52.765102
GSM1831328,43.0,43.510273
GSM1831344,30.0,31.616741
GSM1831326,49.0,46.787395
GSM1831333,43.0,41.613613
GSM507296,18.0,23.058784
GSM507292,29.0,29.880566
GSM507290,44.0,45.70926
GSM507303,37.0,35.534565
GSM507276,37.0,37.17377
GSM507287,42.0,44.04797
GSM507319,30.0,29.060371
GSM507304,38.0,40.72224
